Username,Channel Name,Country,Url,Main topic,Main video category,Likes,Likes Avg.,Posts,Followers,Boost Index,Comments Avg.,Views Avg.,Avg. 1 Day,Avg. 3 Day,Avg. 7 Day,Avg. 14 Day,Avg. 30 Day,Engagement Rate,Engagement Rate (60 Days)
cristiano,cristiano,ES,https://www.instagram.com/cristiano,Sports,Sports,22876451727.2491,8671952.6875,3328,465027234,92,51758.33092659446,17009493.6,,,3321113.0,5327340.25,6948658.866666666,0.014915592190075688,0.015903092793121323
kyliejenner,kyliejenner,US,https://www.instagram.com/kyliejenner,,,43048545078.884834,8296735.662500001,6921,356687629,91,47534.12096106048,22875472.888888888,,,1223002.0,2196528.5,4692458.947368421,0.017617215254941837,0.016188635009695234
leomessi,leomessi,,https://www.instagram.com/leomessi,,,4670492197.167756,6895177.8125,875,347032978,90,47044.540305010894,11761596.368932039,,4810554.0,3199807.0,5359468.6,5668453.857142857,0.015533561657092005,0.019045021275040284
selenagomez,selenagomez,US,https://www.instagram.com/selenagomez,,,8442642602.700295,6252711.416666667,1835,334551681,93,39167.115727002965,10723973.0,,,,2340219.0,2340219.0,0.013912686902970844,0.007719661583597468
therock,therock,US,https://www.instagram.com/therock,,,9562231242.147408,1874150.5038461538,6660,327064138,91,8529.747042766152,5413831.362873134,,,713970.0,1101338.5555555555,1165227.3846153845,0.004425938426896481,0.0037225454671269563
kimkardashian,kimkardashian,US,https://www.instagram.com/kimkardashian,,,14920061390.578411,3536820.0625,5603,323090977,91,16964.807439824945,9642516.175438596,,2583151.0,2699977.6666666665,2704005.272727273,2586789.375,0.008303644828516955,0.00968886345202519
arianagrande,arianagrande,US,https://www.instagram.com/arianagrande,,,14762818149.337849,3712125.9285714286,4961,321374794,92,19077.731583403896,6654929.029801325,,,3813109.0,3813109.0,3384398.0,0.009325676729736969,0.010157909564000565
beyonce,beyonce,US,https://www.instagram.com/beyonce,,,5779974409.281899,3627594.6666666665,2036,267023539,92,24558.145400593472,8767897.17142857,,,4311158.0,4311158.0,1686724.1538461538,0.010757704143584734,0.006770543350034715
khloekardashian,khloekardashian,US,https://www.instagram.com/khloekardashian,Sports,Sports,6914667302.569231,2391194.0,4092,260359924,89,10442.211538461539,7593868.457142857,,,,,,0.006556504047279153,0.003111744186636947
kendalljenner,kendalljenner,US,https://www.instagram.com/kendalljenner,,,2743201319.5703325,5520992.5,666,247599374,90,21191.329923273657,14428678.314285714,,6702150.0,6347174.5,5977548.25,5058515.428571428,0.016728936005675127,0.01933898154706844
justinbieber,justinbieber,CA,https://www.instagram.com/justinbieber,,,11114108294.355661,1887637.6785714286,7305,247448517,91,10084.746268656716,4337923.862934363,,,,,1415614.875,0.006190988340030831,0.004042317516819102
natgeo,natgeo,US,https://www.instagram.com/natgeo,Education,Education,2521782123.105974,304664.0,10002,232020700,91,1225.2342857142858,2345345.4444444445,58181.0,95034.3,111805.92307692308,138451.37735849057,158992.71028037384,0.0010919625970223642,0.0007261997482379968
nike,nike,US,https://www.instagram.com/nike,Sports,Sports,298611326.8387097,333382.0,932,228524022,90,5520.935483870968,2638441.2735849055,,,300163.3333333333,273080.0,236986.66666666666,0.0014312255747742483,0.0007551843648689484
taylorswift,taylorswift,US,https://www.instagram.com/taylorswift,,,1037365487.68,2397441.0,537,218097325,91,334.73,7916979.966666667,,,,2049206.0,2049206.0,0.008864362668500655,0.01728258405658807
jlo,jlo,US,https://www.instagram.com/jlo,Music,Music,4015633611.2335486,1691841.5,3151,217547805,89,11942.84,6363148.909937888,,,,688847.0,812984.6,0.005914066125039666,0.005410155380739634
virat.kohli,virat.kohli,,https://www.instagram.com/virat.kohli,Education,Education,3592490224.8141594,3472381.5,1390,206743723,87,18090.06725663717,4841319.094240838,,,2740001.0,2874632.0,2210917.5,0.012603388646202708,0.011349234728847963
nickiminaj,nickiminaj,US,https://www.instagram.com/nickiminaj,Trailers,Trailers,10280946999.02109,2161401.25,6327,197697257,90,19624.634446397187,6688655.284974094,,,,,,0.008325349582187308,0.006336257071398504
kourtneykardash,kourtneykardash,US,https://www.instagram.com/kourtneykardash,,,6239027312.050234,1767538.4642857143,4349,188868254,89,6616.927570093458,5363247.323529412,,,,916201.0,1118825.75,0.00763877184974732,0.012606993862734497
mileycyrus,mileycyrus,,https://www.instagram.com/mileycyrus,,,1232462265.3146796,1311897.7,1217,178122866,89,6343.567721005677,4289871.829333333,,,,1340388.0,1340388.0,0.005723478551401163,0.00913044827543499
neymarjr,neymarjr,BR,https://www.instagram.com/neymarjr,Gaming,Gaming,11825612529.78387,2705534.4857142856,5247,176162107,90,47.64193548387097,6758889.172043011,,1712450.0,1749894.0,1888862.8333333333,2151442.8571428573,0.012795893702001323,0.012232248319600226
katyperry,katyperry,,https://www.instagram.com/katyperry,Nonprofits & Activism,Nonprofits & Activism,1207583441.5661845,720700.2619047619,2028,167005817,92,4824.74638487208,2224739.0827338127,165159.0,165159.0,165159.0,364755.0,325682.28571428574,0.0035962375118176707,0.002112332982072213
kevinhart4real,kevinhart4real,US,https://www.instagram.com/kevinhart4real,Sports,Sports,3440231765.3312497,533486.9166666667,8126,148755284,88,3749.928125,2553278.8239608803,,,123142.5,155624.8,128413.71428571429,0.0028731861174143146,0.0010465903132874227
zendaya,zendaya,US,https://www.instagram.com/zendaya,,,14727094360.363636,5744110.0,3537,147816903,87,16106.142857142857,7685347.7894736845,,,3970268.0,3958943.0,4755622.5,0.02835383700651377,0.056179011176568
iamcardib,iamcardib,US,https://www.instagram.com/iamcardib,,,3453484312.412903,3094440.722222222,1596,137199449,75,18910.93456221198,10726141.90066225,,2193580.0,2253376.3333333335,2209430.8,1829675.5833333333,0.015960393761946034,0.015713244817943926
ddlovato,ddlovato,US,https://www.instagram.com/ddlovato,,,57864919.33797909,1146626.6666666667,66,136695965,88,9535.060975609756,2385574.5,,,,530567.0,355926.22222222225,0.006487486535002729,0.002828270438851897
badgalriri,badgalriri,US,https://www.instagram.com/badgalriri,Entertainment,Entertainment,13027355720.195122,3691546.0,4837,133436105,88,20974.190243902438,8827574.28440367,,,,,,0.02038443141829733,0.029145248983731442
kingjames,kingjames,,https://www.instagram.com/kingjames,,,3894494471.2663045,2102660.3333333335,2331,127326148,86,13785.983695652174,5584779.543307086,803501.0,803501.0,879697.5,1429823.4,1462300.8333333333,0.01324221452919747,0.00998417633804618
theellenshow,theellenshow,US,https://www.instagram.com/theellenshow,Pets & Animals,Pets & Animals,3221788812.5867476,424885.52218152216,9987,123619409,87,3787.9568934805843,3577368.090144231,,,,84741.0,79112.8,0.0026418002535041414,0.0008623072747171544
realmadrid,realmadrid,ES,https://www.instagram.com/realmadrid,Sports,Sports,5446654786.904423,1009067.5405982905,6593,121711711,90,3553.235075781008,3058169.5289855073,647959.75,568533.5555555555,647859.4074074074,660730.3396226416,801848.3129770992,0.006818829080691778,0.007847947162163972
champagnepapi,champagnepapi,NL,https://www.instagram.com/champagnepapi,,,7080377088.078029,1723164.25,5194,116476688,85,83.42094455852155,4816847.96875,,1688951.0,1688951.0,1365792.6666666667,1599806.923076923,0.011733206426403978,0.013645194693147759
chrisbrownofficial,chrisbrownofficial,US,https://www.instagram.com/chrisbrownofficial,,,2632604325.5954022,465597.390625,7282,115007167,86,3862.7194910352805,2049063.463414634,,,287076.5,410872.1666666667,371779.0,0.003186224225398471,0.003146051474766401
fcbarcelona,fcbarcelona,,https://www.instagram.com/fcbarcelona,Sports,Sports,9631251593.443716,1176560.049145299,9988,109950457,90,4342.094240837696,4286283.064,933228.5,797160.5,735920.7368421053,740394.1428571428,732259.88,0.008816628389963834,0.006355039455554542
billieeilish,billieeilish,,https://www.instagram.com/billieeilish,,,4597695016.408839,8520777.666666666,684,104462435,73,45267.4226519337,15804630.0,,,7377994.0,5593146.8,4345861.5,0.06480514116852978,0.048839050357272436
dualipa,dualipa,GB,https://www.instagram.com/dualipa,Music,Music,1924649935.0515463,2091782.107142857,1224,85085187,74,4827.426546391753,2892223.342592593,487197.0,659692.8,935806.8181818182,939716.1176470588,1173231.2352941176,0.018537647929830946,0.0165253073215409
gal_gadot,gal_gadot,US,https://www.instagram.com/gal_gadot,Entertainment,Entertainment,1676682094.920354,1377079.5,1676,83763785,85,4787.1814159292035,3104604.989473684,481129.0,481129.0,470165.3333333333,470165.3333333333,580991.4545454546,0.01200686630581319,0.008213453573774926
vindiesel,vindiesel,US,https://www.instagram.com/vindiesel,Film & Animation,Film & Animation,1866453677.6631017,1384972.6666666667,1817,81632030,88,7997.0213903743315,3097254.1746031744,,,384524.0,384524.0,364442.0,0.012693785845707654,0.00722862292565525
priyankachopra,priyankachopra,US,https://www.instagram.com/priyankachopra,Autos & Vehicles,Autos & Vehicles,4188562034.221411,1580291.6285714286,3545,80262430,85,4660.018248175183,3910075.543859649,,,,2518390.0,1604862.857142857,0.01478391100686883,0.022965684161417192
lalalalisa_m,lalalalisa_m,,https://www.instagram.com/lalalalisa_m,,,3984721201.416667,5650260.5,860,79870794,70,51630.40416666667,8284125.55,,6404213.0,5049325.5,7494265.375,8190369.9,0.05871803849048517,0.10343987972306525
nasa,nasa,US,https://www.instagram.com/nasa,Science & Technology,Science & Technology,3464512772.612777,1172499.9,3522,78572117,88,3965.166883963494,2742669.7719298247,327227.5,533789.3333333334,614062.0,654025.6666666666,715564.7826086957,0.012579604544276762,0.010578574076267675
shakira,Shakira,,https://www.instagram.com/shakira,,,1527021676.9094923,973225.6166666666,1976,75751033,88,6292.061810154525,4121447.827586207,,124610.0,124610.0,124610.0,310397.6666666667,0.01029193879242782,0.007294924860553655
gigihadid,gigihadid,US,https://www.instagram.com/gigihadid,,Gaming & Apps,6314352560.650964,2555316.25,3248,74890004,85,6586.713062098501,8933626.642857144,,,,2063724.5,2063724.5,0.026047174378929273,0.03177140660451761
snoopdogg,snoopdogg,,https://www.instagram.com/snoopdogg,Movies,Movies,1755836107.8472402,205719.22368421053,9995,74552708,86,2673.8992937483654,1259594.4058919803,48391.0,57393.166666666664,79461.43478260869,138903.94642857142,134955.6611570248,0.0023939542319809356,0.001648726284560223
davidbeckham,davidbeckham,US,https://www.instagram.com/davidbeckham,,,1445693832.6472728,1237162.25,1522,74516736,86,4077.069090909091,3354963.688311688,,,,237234.0,421613.5,0.012811143138962353,0.00816315000220227
shraddhakapoor,shraddhakapoor,,https://www.instagram.com/shraddhakapoor,,,2189221609.2746587,1609147.0,1872,73424750,81,6224.394537177542,2550143.938202247,,825124.0,825124.0,825124.0,825124.0,0.016021450574173184,0.01888053995088805
victoriassecret,victoriassecret,US,https://www.instagram.com/victoriassecret,,,315386787.0528593,148111.8363636364,2796,73016997,88,389.1310664605873,412003.2732095491,,14910.0,17489.5,23730.333333333332,22321.29411764706,0.0015506634666612247,0.0002866246735449936
k.mbappe,k.mbappe,,https://www.instagram.com/k.mbappe,Sports,Sports,2369430072.8347826,2454367.866666666,1149,72335779,86,10607.11652173913,6006698.25,,1067835.0,1332534.6666666667,1462670.3333333333,1754809.125,0.02867493751889225,0.03377577286054933
nehakakkar,nehakakkar,IN,https://www.instagram.com/nehakakkar,Music,Music,2681817706.8094487,1530347.0,2298,70376999,84,7334.274015748031,4497085.660550458,,,,329835.5,711477.75,0.016692846499520967,0.008883426139761511
shawnmendes,shawnmendes,CA,https://www.instagram.com/shawnmendes,,Music,6860739273.822894,3500515.0,2532,69407554,83,23995.509719222464,3180541.7126436783,,2055267.6666666667,1678390.4285714286,1678390.4285714286,1831551.1538461538,0.03942082844500513,0.02510106906785396
nba,nba,US,https://www.instagram.com/nba,Sports,Sports,3706978457.7314906,374008.6914285715,12610,68938585,87,1014.6888450148075,1863379.1038961038,138689.75,186225.0,205004.76666666666,202891.8656716418,223104.62719298244,0.004284871432061784,0.0030800686059339216
narendramodi,narendramodi,IN,https://www.instagram.com/narendramodi,Pets & Animals,Pets & Animals,1190976040.1422594,2953851.5,537,68330604,85,24367.343096234308,5185283.8125,,,,1230562.0,1830545.6,0.032833921278327106,0.023287970520249404
jennierubyjane,jennierubyjane,,https://www.instagram.com/jennierubyjane,,,3387108066.458333,5080827.583333333,857,68085856,76,42238.50148809524,5690914.514285714,,,,6395073.0,7258851.666666667,0.0587168010484671,0.1148189686951802
deepikapadukone,deepikapadukone,IN,https://www.instagram.com/deepikapadukone,,,288480120.37664235,1544528.95,258,67796542,83,4756.226277372263,4012606.319672131,,1638516.0,1638516.0,1181600.3333333333,1181600.3333333333,0.016576823363872097,0.013678535995667191
tomholland2013,tomholland2013,,https://www.instagram.com/tomholland2013,,,5304836876.615384,5408241.0,1218,67657871,77,27396.79120879121,9892997.666666666,,,7582873.0,7582873.0,6994957.0,0.06485702627451535,0.1260702528879513
aliaabhatt,aliaabhatt,IN,https://www.instagram.com/aliaabhatt,Entertainment,Entertainment,2402387529.7444634,1759431.125,1820,67428908,82,6892.528109028961,3586775.894117647,568946.0,1716864.5,2220579.6666666665,3554326.0,2127322.75,0.019699078976392687,0.04135082469462009
ronaldinho,ronaldinho,BR,https://www.instagram.com/ronaldinho,Sports,Sports,1989157882.2368896,891414.0833333333,2921,67398061,78,4286.839059674503,2453751.8396946564,218368.0,218368.0,329519.25,261123.85714285713,347323.8823529412,0.010176238875144406,0.005792972996935674
emmawatson,emmawatson,US,https://www.instagram.com/emmawatson,,,464492011.7307692,1858345.0,344,67107508,87,6711.485576923077,4843114.411764706,0.0,0.0,0.0,0.0,0.0,0.020234094078551337,0.00010007585557283738
bts.bighitofficial,bts.bighitofficial,UY,https://www.instagram.com/bts.bighitofficial,,,3856145686.3503647,4172263.1666666665,1150,65962589,78,35250.45547445255,4665768.0,,,2808383.0,3652298.5,3763044.4545454546,0.051423220753095925,0.07204070836907596
katrinakaif,katrinakaif,IN,https://www.instagram.com/katrinakaif,Entertainment,Entertainment,1399937430.5550122,1674335.25,997,65597009,85,8971.833740831296,4732693.97979798,,,,539443.0,539443.0,0.021554420551177164,0.03746581904909965
justintimberlake,justintimberlake,US,https://www.instagram.com/justintimberlake,,,397901617.57894737,614677.0,780,65477707,87,6039.921052631579,2640031.695652174,,,,194952.5,198150.33333333334,0.007889870974513864,0.0038519607996693275
marvel,marvel,TR,https://www.instagram.com/marvel,Movies,Trailers,2118435812.30458,328737.6,6907,65358436,82,1066.2219724641752,960153.7919947506,55538.666666666664,122017.33333333333,183257.77777777778,193248.35294117648,260000.9090909091,0.0047100652194721464,0.005019959669548789
camila_cabello,camila_cabello,US,https://www.instagram.com/camila_cabello,,,4044183217.3194923,1853523.9285714286,2884,64375364,77,7368.125720876586,3185373.0707964604,,,1579814.0,1532900.0,1287657.5714285714,0.021926528844997753,0.019434598300334237
willsmith,willsmith,US,https://www.instagram.com/willsmith,,,1528149973.1881838,1408560.3333333333,1362,64260079,82,12989.699124726478,6291661.438423646,0.0,0.0,0.0,0.0,0.0,0.01766017097872805,0.0002021184767022637
raffinagita1717,raffinagita1717,ID,https://www.instagram.com/raffinagita1717,Entertainment,Entertainment,2782184603.047718,387143.96774193546,9946,62899363,83,3716.759681881051,1322062.7623762377,249344.2,340437.14285714284,486322.5,456141.14634146343,434216.09722222225,0.004511025689070053,0.007298126776006595
anitta,anitta,US,https://www.instagram.com/anitta,,,3236456276.9838166,857234.1124999999,5091,62896138,82,7632.5947403911,2681297.324110672,,313134.5,426274.5,420654.28571428574,414450.1538461539,0.010235394502868563,0.008756384234057814
maluma,maluma,CO,https://www.instagram.com/maluma,,,6950832710.095238,1195150.8154761905,8164,62706097,84,8056.752786220872,2901785.472222222,,1074236.0,901334.5,948883.75,1025142.0,0.0137097455332929,0.01485158399569522
akshaykumar,akshaykumar,,https://www.instagram.com/akshaykumar,Entertainment,Entertainment,2200303385.06422,1516770.0,1860,62614053,85,7210.882568807339,4092468.3536585364,,265974.0,341912.0,391342.6666666667,572411.625,0.01900901740256004,0.013576863477011284
jacquelinef143,jacquelinef143,IN,https://www.instagram.com/jacquelinef143,Entertainment,Entertainment,2088469651.8573468,1143262.3333333333,2433,62118961,85,4780.738944365193,2415085.3583333334,,,615704.5,803217.0,648666.5555555555,0.013906764246708123,0.009729520701380084
sooyaaa__,sooyaaa__,,https://www.instagram.com/sooyaaa__,Film & Animation,Film & Animation,3036363131.9101124,4493906.633333334,824,62062471,82,35145.84691011236,3985933.9024390243,,,,6468019.0,6001684.833333333,0.06002130823778813,0.09248074580601165
psg,psg,FR,https://www.instagram.com/psg,Sports,Sports,4595183470.198317,508990.44775132276,9761,61178714,86,1457.0676016830294,2135978.161904762,162310.0,281299.5789473684,291237.8076923077,371440.6530612245,359066.93548387097,0.007728083074380626,0.00832135247882858
roses_are_rosie,roses_are_rosie,,https://www.instagram.com/roses_are_rosie,Sports,Sports,2986099761.4933333,4586884.9375,816,60940323,82,31561.863703703704,4699873.510204081,,,,,5593980.833333333,0.0606299530692667,0.08641471527896527
anushkasharma,anushkasharma,,https://www.instagram.com/anushkasharma,Education,Education,1632552354.2939632,1925204.75,1159,59276468,85,5906.839895013123,3641625.4752475247,,814180.0,615775.5,615775.5,1184805.4285714286,0.023876628179879622,0.019773256627131048
manchesterunited,manchesterunited,GB,https://www.instagram.com/manchesterunited,Sports,Sports,3168867342.120344,384605.4114219114,9900,58974258,85,1878.2301160148309,1809835.1690909092,128884.33333333333,230239.5625,223269.71875,240808.5357142857,235152.1338028169,0.005463892269924026,0.0050571864648222215
whinderssonnunes,whinderssonnunes,BR,https://www.instagram.com/whinderssonnunes,,,3347794662.666667,1616371.15,2717,58591940,79,16203.310391363022,5257153.904411765,18141.0,18141.0,18141.0,18141.0,243302.25,0.02131114578656265,0.007458099641842985
9gag,9gag,US,https://www.instagram.com/9gag,Pets & Animals,Pets & Animals,5062668339.7249775,678711.3186489217,10021,58181054,86,5559.041481316726,3613240.0659955256,202474.75,227477.06666666668,221743.56756756757,258582.8,268979.2948717949,0.00877890888858326,0.004668308004854369
marcelotwelve,marcelotwelve,BR,https://www.instagram.com/marcelotwelve,Shows,Shows,1562555089.7001863,693038.1666666666,2671,57439765,86,2503.0372439478583,3041758.0,194474.0,280022.0,358287.3333333333,402644.375,650563.7058823529,0.01023008730851219,0.013071068710946135
karimbenzema,karimbenzema,ES,https://www.instagram.com/karimbenzema,Music,Music,1474433941.6666667,876565.0,2000,55869867,42,5392.554166666667,2973552.169811321,355367.0,400075.0,814691.25,791904.1666666666,997608.3333333334,0.013316958042669705,0.023488033493626735
chrishemsworth,chrishemsworth,AU,https://www.instagram.com/chrishemsworth,Trailers,Trailers,1731131414.3223684,2745384.0,859,55165178,86,8745.578947368422,6180484.385416667,,,,1757045.75,1571159.5,0.036724414049764,0.03274964220267765
paulpogba,paulpogba,FR,https://www.instagram.com/paulpogba,,,1344107517.9932585,1397068.0,1279,54634350,80,5836.703370786517,2730445.2959183673,,342536.0,353815.0,316381.6666666667,422788.75,0.019361238848825027,0.013340373645345422
iamzlatanibrahimovic,iamzlatanibrahimovic,,https://www.instagram.com/iamzlatanibrahimovic,Sports,Sports,957991032.4061539,1541239.4166666667,868,54512391,86,7579.6430769230765,6267214.268518519,,,353745.0,446872.0,521481.0,0.0203904195851993,0.025430366618734643
karolg,karolg,IN,https://www.instagram.com/karolg,People & Blogs,People & Blogs,7767485055.881721,3028630.75,3297,54422099,83,20350.107526881722,7802091.677777777,,5904571.0,5904571.0,5904571.0,5904571.0,0.043755473088921235,0.12806899349700457
leonardodicaprio,leonardodicaprio,,https://www.instagram.com/leonardodicaprio,Pets & Animals,Pets & Animals,574061426.7403314,398191.4166666667,1680,54158640,86,3509.686924493554,1235508.4338235294,55282.0,55282.0,55282.0,98298.25,120142.83333333333,0.0063752114226341425,0.002202655279047041
milliebobbybrown,milliebobbybrown,US,https://www.instagram.com/milliebobbybrown,,,788789893.4895833,3987302.6666666665,275,54105006,80,18188.152083333334,6851714.223880597,,2677095.0,3417441.5,4831356.25,5021154.0,0.05383589702027089,0.08515458546183766
juventus,juventus,,https://www.instagram.com/juventus,Gaming,Gaming,1721135539.4165287,201090.73333333334,9974,54054171,87,952.7917355371901,840567.1208333333,97856.2,91882.6,153989.95652173914,139207.71794871794,121662.67164179105,0.0032123026481601807,0.002618974567220732
zacefron,zacefron,US,https://www.instagram.com/zacefron,Movies,Movies,1081307391.9142857,2262103.5,663,53887887,86,9847.057142857142,5708580.75862069,,,,,,0.030471489338963407,0.021729759013399616
tatawerneck,tatawerneck,BR,https://www.instagram.com/tatawerneck,Entertainment,Entertainment,3865143085.742032,976812.5,5565,53554512,86,6598.756972111554,2908022.978319783,,,124830.0,149581.0,165887.55555555556,0.013100057616411363,0.003956366098168731
bellahadid,bellahadid,GB,https://www.instagram.com/bellahadid,,,2656132802.451769,1132707.392857143,3125,53359256,79,2687.933279742765,2738503.616438356,,,1776348.6666666667,1203778.3333333333,1101626.1666666667,0.015992599463064357,0.021208311549095523
robertdowneyjr,robertdowneyjr,US,https://www.instagram.com/robertdowneyjr,Entertainment,Entertainment,923395252.8487084,2984656.25,422,53210425,86,12541.236162361623,7258314.398230089,,,,,2106144.0,0.04136783784327339,0.040449588820382736
sunnyleone,sunnyleone,,https://www.instagram.com/sunnyleone,Entertainment,Entertainment,2476466027.1456585,769200.1041666666,4559,53190031,84,3678.440476190476,1954614.2463054187,,351347.5,517827.25,354785.77777777775,299836.7368421053,0.01029073076626748,0.005912132476603978
ladygaga,ladygaga,US,https://www.instagram.com/ladygaga,Music,Music,3786872200.763359,1435302.7666666668,3546,53092230,83,13384.041984732825,3540913.194029851,,,,,635763.3333333334,0.020373518135484544,0.01206513905617145
beingsalmankhan,beingsalmankhan,IN,https://www.instagram.com/beingsalmankhan,Entertainment,Entertainment,1249737786.6478148,1399897.75,1173,52980205,76,17133.09768637532,3247875.5857988168,,,,411782.0,789300.3333333334,0.02045197079212034,0.012979513834718952
jbalvin,jbalvin,,https://www.instagram.com/jbalvin,Gaming,Gaming,7726895464.469388,920868.0,9999,52762698,87,5561.646258503401,3099539.4,12318.0,12318.0,163532.0,157988.8,273997.22222222225,0.014751860985195233,0.00889084953260796
sergioramos,sergioramos,,https://www.instagram.com/sergioramos,Gaming,Gaming,1794037639.68,966414.75,2218,52261132,87,3086.92,,,314054.0,409956.6666666667,515387.0,687255.5714285715,0.015554935569029524,0.016188071020314398
ayutingting92,ayutingting92,ID,https://www.instagram.com/ayutingting92,Music,Music,1129273039.8976324,149139.97506493505,10018,52170594,85,849.2212543554007,934398.2594458439,19229.5,45384.71428571428,40771.92857142857,57132.8,74728.48214285714,0.0021782914776760014,0.0017860786227001484
dishapatani,dishapatani,US,https://www.instagram.com/dishapatani,Entertainment,Entertainment,2448977591.509202,1615190.0,2128,52062772,74,6306.800613496933,3530372.6193181816,,882479.5,865676.75,778869.0,1057708.4444444445,0.02223053788276015,0.018825353276279683
mosalah,mosalah,,https://www.instagram.com/mosalah,,,1271364326.5434175,1786297.25,832,51823495,22,12480.288515406162,3191156.7741935486,,839320.0,853353.0,1069706.375,1430160.076923077,0.029780921275631644,0.029182461305476727
433,433,NL,https://www.instagram.com/433,,,7235186846.11386,863448.1813186815,10319,50846051,79,4092.4105328472815,3232599.6691729324,519454.2,660923.1142857143,696233.234375,730624.5454545454,810461.4090909091,0.013870395720959945,0.019295154620963855
hudabeauty,hudabeauty,US,https://www.instagram.com/hudabeauty,Fashion & Beauty,Fashion & Beauty,317929978.3075734,187183.89166666666,2330,50651842,82,2296.0695517774343,1458333.5070028012,28264.0,19618.5,18836.666666666668,19946.6,19626.222222222223,0.0027397198041948733,0.0006546970510095037
adele,adele,US,https://www.instagram.com/adele,,,1411415903.4366198,4739484.5,418,50542177,84,32030.802816901407,15396176.307692308,,2211066.0,2766306.0,2392644.25,2392644.25,0.0675205757587189,0.06114850777456569
michelleobama,michelleobama,,https://www.instagram.com/michelleobama,Entertainment,Entertainment,379263804.56296295,707602.75,592,50389066,85,6837.59012345679,1499868.049382716,,225063.0,225063.0,1922041.3333333333,879917.3333333334,0.012858833991600312,0.010987462595888045
jamesrodriguez10,jamesrodriguez10,CO,https://www.instagram.com/jamesrodriguez10,Sports,Sports,1163824878.8454545,1414736.5,1054,49753046,86,10241.777272727273,3021228.5,,,,317195.0,317195.0,0.022404380601908667,0.008694616026179684
kritisanon,kritisanon,IN,https://www.instagram.com/kritisanon,Fashion & Beauty,Fashion & Beauty,1757213597.9912663,898828.3333333334,2652,49721095,76,3057.467248908297,1558894.0513833992,,,612749.0,778017.3333333334,736931.0,0.013389180309682358,0.016786589880270927
krisjenner,krisjenner,US,https://www.instagram.com/krisjenner,Entertainment,Entertainment,1842955602.8946996,354127.38690476195,6327,49106907,80,1544.5010600706714,1364591.1842105263,107707.0,580446.6666666666,593222.8,502489.4285714286,450692.7272727273,0.006014648034092835,0.010083028463847182
lelepons,lelepons,US,https://www.instagram.com/lelepons,Comedy,Comedy,4562719722.384758,2414815.0,2517,49030990,81,13184.886617100372,10147577.369863013,,,,,1566125.3333333333,0.03723168866014625,0.03324474732948224
charlidamelio,charlidamelio,,https://www.instagram.com/charlidamelio,Entertainment,Entertainment,411783589.2966667,4278895.0,142,48873294,80,14338.718333333334,6469000.421052632,,816337.0,829608.3333333334,1128204.6666666667,1265979.7272727273,0.05970085870876234,0.032485635930849764
gucci,gucci,IT,https://www.instagram.com/gucci,Comedy,Comedy,968779713.7347865,116555.03703703702,8791,48757827,86,482.4913714804723,478154.86530612246,76387.66666666667,70652.8,91079.05,79127.54901960785,82038.15730337078,0.0022865729743115253,0.0019638737822321836
louisvuitton,louisvuitton,FR,https://www.instagram.com/louisvuitton,,,732723149.5804195,131578.75,6378,48520702,82,652.7503496503497,584823.4461805555,47623.0,65857.5,56271.25,97857.1875,103210.35064935064,0.0024182782593910224,0.0022505361101379066
prillylatuconsina96,prillylatuconsina96,ID,https://www.instagram.com/prillylatuconsina96,Entertainment,Entertainment,1656577996.3674614,377882.0,6420,48422538,84,1242.6037868162693,1080167.6746031747,,143636.2,97291.66666666667,147695.3076923077,210128.52173913043,0.005364222121037456,0.005910594621574031
dovecameron,dovecameron,US,https://www.instagram.com/dovecameron,Entertainment,Entertainment,204967633.99456522,1609562.9166666667,170,48100914,85,2931.680706521739,2165141.40625,994345.5,994345.5,1071102.0,1071102.0,1675806.125,0.02525492315892652,0.03469998759441516
garethbale11,garethbale11,,https://www.instagram.com/garethbale11,Sports,Sports,566893015.0,764641.0,975,47821374,86,3405.6266666666666,2267763.125,,,,,,0.012807409535848248,0.010818003686702536
paulodybala,paulodybala,,https://www.instagram.com/paulodybala,Sports,Sports,1843671991.5289257,1791513.8125,1263,47720068,85,7572.242424242424,2566655.2702702703,,828316.0,1046221.0,1076858.4,1110861.3,0.03237767539892641,0.0249412338222984
blackpinkofficial,blackpinkofficial,,https://www.instagram.com/blackpinkofficial,Music,Music,2311214248.70229,2116102.0,1380,47647921,85,13236.619592875319,2450013.59375,,1055841.6666666667,1055841.6666666667,1110203.5555555555,1194622.2,0.03546797542539109,0.030611181722093764
jokowi,jokowi,,https://www.instagram.com/jokowi,Gaming,Gaming,1322017162.5350027,458723.7596153846,3471,47352198,85,4422.624359704041,1319494.0714285714,83937.33333333333,138934.6,269997.28,233081.63414634147,207972.1948051948,0.008144982232574923,0.00489616923675666
nusr_et,nusr_et,AE,https://www.instagram.com/nusr_et,,,1358263111.5577238,730786.5833333334,2302,46891641,81,5602.495934959349,6350492.84057971,,,96628.0,96628.0,135454.0,0.012721241770732505,0.003681228474841378
5.min.crafts,5-Minute Crafts GIRLY,US,https://www.instagram.com/5.min.crafts,Trailers,Trailers,1741363178.3336408,157499.2095441595,14519,46618064,85,342.39361505812883,1289001.7723726481,,9366.6,10678.333333333334,14290.64705882353,13925.666666666666,0.002579351192573438,0.0003402270209613582
vanessahudgens,vanessahudgens,US,https://www.instagram.com/vanessahudgens,Entertainment,Entertainment,2016023339.118616,636092.6530612245,4186,46343441,84,1561.7421746293246,2315649.7589285714,,414691.0,414691.0,269620.8,208674.4375,0.01042998780890089,0.004894514461021033
thv,thv,,https://www.instagram.com/thv,Gaming,Gaming,813389154.8653847,15538683.0,57,46328487,83,0.3076923076923077,24786355.333333332,,,13007870.0,13143209.8,13210996.555555556,0.3085183001322529,0.28622041083679756
harrystyles,harrystyles,US,https://www.instagram.com/harrystyles,,,2280382581.166667,4896516.5,578,46292534,57,61609.1875,7518271.0,2888035.0,2611946.5,2704044.0,2722518.8333333335,2975292.5,0.0871323265160957,0.07094465113931564
zayn,zayn,US,https://www.instagram.com/zayn,,Gaming & Apps,570193599.15,4713926.5,162,46197756,82,69133.05,8478669.75,,,4037963.0,4037963.0,3599999.5,0.07775148236210562,0.08435330132625779
larissamanoela,larissamanoela,BR,https://www.instagram.com/larissamanoela,Autos & Vehicles,Autos & Vehicles,2282083714.812734,579900.9357142857,5156,46091767,85,6269.2542134831465,948050.4761904762,108058.0,214328.33333333334,170630.33333333334,326550.6153846154,210933.53125,0.009754238137864924,0.0045884263535317955
haileybieber,haileybieber,,https://www.instagram.com/haileybieber,Entertainment,Entertainment,3245552048.296943,2012107.0,2060,45916230,85,217.9825327510917,3680907.695652174,,2243447.0,1785300.6666666667,1395563.5,1548866.5,0.03446428275493584,0.031652332724471474
thenotoriousmma,thenotoriousmma,US,https://www.instagram.com/thenotoriousmma,,,2653672984.197551,1137054.125,3106,45822094,82,4820.904489795918,3737464.061111111,,168568.0,253072.25,257922.4,296484.42424242425,0.018762904079818416,0.008648943620393465
daddyyankee,daddyyankee,PR,https://www.instagram.com/daddyyankee,Music,Music,10165902.715298885,650651.25,20,45807054,80,5624.246200607903,2122983.680094787,,,,730517.0,764615.5,0.011222317160279374,0.016831103687801885
travisscott,travisscott,US,https://www.instagram.com/travisscott,,,7290953698.340057,3014369.75,3154,45803997,78,12261.449567723343,5989754.571428572,,1127101.0,800849.0,1241751.0,1845443.5,0.050786911233044255,0.051356890867537565
natgeotravel,natgeotravel,US,https://www.instagram.com/natgeotravel,Travel & Events,Travel & Events,2573722223.9783726,189864.001376989,16939,45782549,82,455.881935826981,718632.8378378379,33334.5,34972.666666666664,46106.57142857143,47547.96428571428,48881.42622950819,0.0033304271321372295,0.0011634874339007826
nikefootball,nikefootball,US,https://www.instagram.com/nikefootball,Sports,Sports,562788296.0202019,431240.25,1797,45180601,85,903.1043771043771,699261.0222222222,64865.0,129687.0,143075.8,189492.5,175088.625,0.006958264800078262,0.00444662138469344
stephencurry30,stephencurry30,,https://www.instagram.com/stephencurry30,Nonprofits & Activism,Nonprofits & Activism,837440600.3534744,1090495.75,1037,44569769,84,3599.1480362537764,1722571.0526315789,,,1131963.0,891286.0,672278.3333333334,0.019264601159363726,0.012983009076664585
vancityreynolds,vancityreynolds,,https://www.instagram.com/vancityreynolds,Gaming,Gaming,775082274.2926829,1366929.0,678,44507303,86,5184.585365853659,2307511.0,,,1148011.0,1148011.0,1710696.5,0.026022528230811883,0.03260183717184254
luissuarez9,luissuarez9,,https://www.instagram.com/luissuarez9,Travel & Events,Travel & Events,627564857.530343,801790.5,961,44043371,85,3327.197889182058,1969051.2580645161,216088.0,216088.0,214295.0,255623.0,287933.6666666667,0.015129006271839681,0.009638125028861697
maisa,maisa,BR,https://www.instagram.com/maisa,Nonprofits & Activism,Nonprofits & Activism,620329319.2254733,564755.7333333333,1452,43950253,42,2424.5068846815834,1038532.7972027973,238759.0,1104109.5,1428235.3333333333,719729.4444444445,525544.1363636364,0.010315598989292098,0.011283848420777244
gusttavolima,gusttavolima,BR,https://www.instagram.com/gusttavolima,Shows,Shows,1831099285.9708107,476983.71428571426,4853,43727522,76,6853.556216216216,934089.0609318996,,309529.0,365223.0,370564.4,509534.75,0.008851176126280494,0.010194351811421415
hrithikroshan,hrithikroshan,CI,https://www.instagram.com/hrithikroshan,News & Politics,News & Politics,686194892.6461538,1615511.5,583,43427057,85,6873.607692307693,2896416.3243243243,,,1127068.0,1203815.6666666667,1738841.2,0.027432913074112542,0.03821729480584994
nickyjam,nickyjampr,CO,https://www.instagram.com/nickyjampr,,,3288653737.3675976,383991.925,11282,43340622,81,2543.3877094972067,1661245.9523809524,30032.0,57560.5,57560.5,152746.0,150392.0625,0.006808670224096401,0.0029729741310627568
jannatzubair29,jannatzubair29,,https://www.instagram.com/jannatzubair29,Fashion & Beauty,Fashion & Beauty,1685880942.9787233,1326973.625,1600,43312974,84,10851.721276595745,3320745.8113207547,,578404.0,688606.0,798620.8888888889,860484.6086956522,0.025079684811185395,0.020690962650966527
varundvn,varundvn,IN,https://www.instagram.com/varundvn,Trailers,Trailers,1608781966.3573265,1065018.25,1899,43215034,84,5572.776349614396,2897460.875,,,587374.0,416366.3333333333,503860.85714285716,0.02092785802160718,0.015428315593174338
brunamarquezine,brunamarquezine,US,https://www.instagram.com/brunamarquezine,Entertainment,Entertainment,2228615835.1585016,1002055.0,3016,43067731,84,7223.031700288185,2455963.2181818183,,863788.0,863788.0,863788.0,446550.6666666667,0.017398161877172122,0.009384194460582076
caradelevingne,caradelevingne,US,https://www.instagram.com/caradelevingne,,,2663835408.0,806313.0,4380,42991683,86,2654.309803921569,2510408.690265487,,160709.0,160709.0,160709.0,278436.4,0.014205583070692123,0.00914928175682503
buzzfeedtasty,buzzfeedtasty,ES,https://www.instagram.com/buzzfeedtasty,Travel & Events,Travel & Events,449259157.69769335,67247.14945736433,8617,42970746,85,454.87381275440976,1189325.8005780347,5123.5,7426.333333333333,8197.0,9341.557692307691,8959.894736842105,0.001226896889359563,0.0002834816507166727
kapilsharma,kapilsharma,,https://www.instagram.com/kapilsharma,Comedy,Comedy,536111112.0318472,664476.0,958,42000622,83,3186.9012738853503,2232735.654545455,,,,,364037.0,0.018015054197009956,0.011204072325977093
britneyspears,britneyspears,TR,https://www.instagram.com/britneyspears,,,1313666673.9965694,523267.0714285714,2998,41807497,80,9891.539451114922,6241768.775,,,106723.2,194049.0,503971.75,0.010751704432103807,0.011260947672899604
mariliamendoncacantora,mariliamendoncacantora,BR,https://www.instagram.com/mariliamendoncacantora,Music,Music,1105445671.9036365,1058071.0,1429,41681598,73,10442.049090909091,9808431.333333334,0.0,0.0,0.0,0.0,0.0,0.01881785884477243,0.00025062692056277867
badbunnypr,badbunnypr,,https://www.instagram.com/badbunnypr,Comedy,Comedy,42862260.26130653,3644587.5,16,41310397,83,58246.55778894472,8652812.673684211,,,7713443.0,7713443.0,5710268.5,0.06643484389436646,0.14626645469724808
dior,dior,,https://www.instagram.com/dior,Gaming,Gaming,765402952.2434306,88831.49753694581,9623,41223938,85,532.8151891423621,620189.5040322581,22188.333333333332,29181.846153846152,30234.464285714286,33972.56603773585,45682.43119266055,0.0019476090459729677,0.001560636018379915
norafatehi,norafatehi,AI,https://www.instagram.com/norafatehi,Comedy,Comedy,1660332210.9903536,1364004.6,1682,41161527,83,5436.9662379421225,5906504.053571428,,,536660.3333333334,570485.25,655721.6153846154,0.02425326923790569,0.02251566534422367
jenniferaniston,jenniferaniston,,https://www.instagram.com/jenniferaniston,Gaming,Gaming,332029898.79452056,4565592.5,98,40741767,85,36019.397260273974,12115309.363636363,,,544727.0,544727.0,544727.0,0.0841073660850652,0.01884053069385156
marinaruybarbosa,marinaruybarbosa,BR,https://www.instagram.com/marinaruybarbosa,,,907174427.3832335,586382.3333333334,2098,40573646,81,3469.9041916167666,712501.3181818182,0.0,0.0,0.0,0.0,0.0,0.010867680665332643,8.651627972459853e-05
addisonraee,addisonraee,,https://www.instagram.com/addisonraee,Gaming,Gaming,731206196.7218543,3150451.0,298,40402560,85,8362.427152317881,6400652.176470588,,1349907.0,1009004.0,1026147.1111111111,1214530.0,0.060823574620022684,0.033011664322450784
theweeknd,theweeknd,,https://www.instagram.com/theweeknd,News & Politics,News & Politics,582481085.3076923,1141438.6666666667,630,40223677,83,7543.174358974359,2212274.6666666665,,,,,2532971.0,0.023413028981537402,0.03967121394665104
ranveersingh,ranveersingh,CH,https://www.instagram.com/ranveersingh,Movies,Movies,1299747241.0809247,1015087.5,1738,40112340,85,3003.6199421965316,1188881.3623188406,,,236391.75,237287.2,328866.9285714286,0.018816311456048163,0.007575947058055856
andresiniesta8,andresiniesta8,ES,https://www.instagram.com/andresiniesta8,Fashion & Beauty,Fashion & Beauty,435955881.33676976,250762.07142857142,1977,39745058,85,715.553264604811,519624.85714285716,,68488.0,97259.25,217431.125,175277.8125,0.0055802417292508,0.004097960807330257
princessyahrini,princessyahrini,ID,https://www.instagram.com/princessyahrini,,,500962281.971831,118171.125,4455,39581466,81,692.5880102040817,912626.4666666667,0.0,0.0,0.0,0.0,0.0,0.002861134812776782,1.751415982643136e-05
liverpoolfc,liverpoolfc,GB,https://www.instagram.com/liverpoolfc,,,2871952205.5780487,346707.99613784906,9953,39515025,75,1254.344763271162,1128585.4583333333,78430.0,104614.4,142629.4090909091,146055.65384615384,146055.65384615384,0.007418180969620774,0.004200652923037039
teddysphotos,teddysphotos,US,https://www.instagram.com/teddysphotos,,,1368087378.1691022,738566.85,2301,39439449,80,4255.0751565762,1715096.5942028984,,93970.0,332434.0,286783.1666666667,251330.0,0.015654179116012742,0.007035403210383918
georginagio,georginagio,,https://www.instagram.com/georginagio,Fashion & Beauty,Fashion & Beauty,1323180383.5027027,2237436.0,726,39025459,74,7401.983783783784,7940965.584905661,,4551706.0,4019816.0,4022033.5,3193934.230769231,0.04735655732305463,0.0875705825799869
natashawilona12,natashawilona12,,https://www.instagram.com/natashawilona12,Fashion & Beauty,Fashion & Beauty,436264559.36927223,489665.375,1143,38846946,84,3433.455525606469,1621378.828125,102772.0,102772.0,274348.5,273239.0,218012.66666666666,0.00992399310060419,0.008757881192659907
ruben_onsu,ruben_onsu,ID,https://www.instagram.com/ruben_onsu,,,1399531905.457671,139324.50785773367,13440,38776943,75,763.7349029867015,474431.1769911504,8251.0,34620.71428571428,44411.5,52250.42424242424,52223.565217391304,0.0027383114291809354,0.0013029248315222404
mahi7781,mahi7781,,https://www.instagram.com/mahi7781,Gaming,Gaming,357039072.32,4054863.25,107,38747041,58,67652.64,16107512.2,0.0,0.0,0.0,0.0,0.0,0.08911267193392451,0.0017708230322919032
chrissyteigen,chrissyteigen,US,https://www.instagram.com/chrissyteigen,Entertainment,Entertainment,2402129939.8796487,631385.875,5078,38516696,79,3798.853279242732,4103189.972972973,,207509.16666666666,173582.55555555556,135266.38095238095,130093.67441860466,0.012565285022384144,0.005296936633152001
hm,hm,SE,https://www.instagram.com/hm,,,509792153.53813255,89143.59722222222,7234,38465468,83,280.13257305773345,553953.5636363636,7940.0,20035.5,32376.875,23677.70588235294,23883.025,0.0018397499407285715,0.0006758832387562216
wizkhalifa,wizkhalifa,US,https://www.instagram.com/wizkhalifa,,,128037637.85365854,402888.9,424,38459483,80,2102.0629011553274,1495132.5409836066,,133757.0,133757.0,131096.14285714287,144087.7142857143,0.008033600195038914,0.003780027492587756
j.m,j.m,,https://www.instagram.com/j.m,Gaming,Gaming,286856974.38095236,14124890.5,22,38138950,83,0.5238095238095238,,,,9539024.0,9539024.0,11269273.0,0.3456958842388448,0.2987771491484441
anushkasen0408,anushkasen0408,,https://www.instagram.com/anushkasen0408,Travel & Events,Travel & Events,2870711992.3594985,695413.1192307692,5203,37993409,85,5034.1755689735255,571228.0,460494.0,536469.3333333334,616656.6666666666,568987.1538461539,615201.8292682926,0.014705748966009527,0.017519270608606807
worldstar,worldstar,US,https://www.instagram.com/worldstar,Comedy,Comedy,11589242864.706415,157546.17819540395,99022,37818287,78,2493.1996207550424,1056851.689122807,35157.0,52582.8,74208.32051282052,72683.64864864865,71531.15126050421,0.0031664079556344847,0.001960937020647603
prattprattpratt,prattprattpratt,,https://www.instagram.com/prattprattpratt,Trailers,Trailers,496567005.0,813539.0,718,37405186,84,4914.890243902439,2052633.9122807018,,,,359794.0,445609.5,0.018849756882891384,0.009978711210981988
marvelstudios,marvelstudios,,https://www.instagram.com/marvelstudios,Trailers,Trailers,1315744018.1497731,594215.25,2593,37389526,83,1983.7201210287444,963850.054347826,,359538.3333333333,1049491.375,928507.2,832929.25,0.01438657105078547,0.01575663408604115
WesleySafadao,wesleysafadao,,https://www.instagram.com/wesleysafadao,,,1738634776.9264615,256129.7357142857,8842,37149804,80,7318.797611565054,992787.572815534,0.0,0.0,0.0,0.0,0.0,0.005562752826273182,0.0001996183992421397
parineetichopra,parineetichopra,,https://www.instagram.com/parineetichopra,Autos & Vehicles,Autos & Vehicles,506219083.8656388,505700.3333333334,1325,36973458,84,1639.3722466960353,852263.72,181106.0,158555.0,158555.0,235079.25,245650.16666666666,0.010461939932336333,0.006776970516173035
cznburak,cznburak,,https://www.instagram.com/cznburak,Trailers,Trailers,1267267484.755102,816501.0,1746,36935601,80,8524.293877551021,7053235.344827586,,479925.0,474966.0,471769.3333333333,605418.2,0.02320865793671521,0.018701114058019833
laudyacynthiabella,laudyacynthiabella,ID,https://www.instagram.com/laudyacynthiabella,Movies,Movies,44800588.1738149,172773.75,379,36677982,76,544.6907449209932,436724.4705882353,49424.0,49424.0,49424.0,19080.0,45644.666666666664,0.0032899407758276112,0.0012185594487517147
antogriezmann,antogriezmann,FR,https://www.instagram.com/antogriezmann,Sports,Sports,761349220.8709677,1132433.0,865,36381765,83,4322.974193548387,1699071.4736842106,,462168.0,241066.25,258233.85714285713,266970.2727272727,0.024641052522677693,0.009418262833366458
gisel_la,gisel_la,,https://www.instagram.com/gisel_la,Sports,Sports,1107474383.0120482,152328.63333333333,9874,36318320,85,2451.686265060241,1081229.7558139535,,23381.0,36770.4,30533.090909090908,42558.391304347824,0.0031629555732285556,0.0022000861348019187
eminem,eminem,US,https://www.instagram.com/eminem,Music,Music,586990961.4861112,1093015.5,649,36182573,84,9202.00925925926,3104548.172839506,,,1137281.0,918847.0,786575.0,0.025279022377949045,0.0268908688929975
rkive,rkive,,https://www.instagram.com/rkive,Gaming,Gaming,1032974928.8039216,10938709.25,103,36005772,83,0.17647058823529413,,0.0,0.0,0.0,0.0,0.0,0.28251425068177627,4.971187329649839e-09
colesprouse,colesprouse,,https://www.instagram.com/colesprouse,,,2275210511.692308,2286897.5,1139,35979076,81,7860.226244343891,5765129.833333333,212535.5,258277.0,258277.0,371631.4,1387607.5714285714,0.05573962514326846,0.031209658934659868
nattinatasha,nattinatasha,CZ,https://www.instagram.com/nattinatasha,Music,Music,10093152.561676646,517671.2916666667,26,35925441,47,2717.1952095808383,1867592.9933774834,,,,492944.0,492944.0,0.010885650271277967,0.010441910372644426
mercedesbenz,mercedesbenz,VG,https://www.instagram.com/mercedesbenz,Autos & Vehicles,Autos & Vehicles,1583277041.4497042,197897.8542694497,9990,35833928,77,384.9082840236686,358159.51181102364,29792.8,38741.25,44650.153846153844,50835.53164556962,58994.36305732484,0.004442626826214863,0.0018171487571576692
tigerjackieshroff,tigerjackieshroff,IN,https://www.instagram.com/tigerjackieshroff,Sports,Sports,1753679130.6155462,1110818.8333333333,2071,35453527,83,6014.289915966387,2513956.4545454546,,,,,350053.0,0.024609820388767054,0.01698562359816525
barackobama,barackobama,US,https://www.instagram.com/barackobama,,,626015310.7476038,1130236.5,654,35433452,81,10506.670926517572,2135436.0303030303,,568619.0,332564.6666666667,412736.0,409610.3333333333,0.027317301253903362,0.014375357065220879
shahidkapoor,shahidkapoor,,https://www.instagram.com/shahidkapoor,Trailers,Trailers,1203629228.3171806,1294704.75,1139,35378098,82,5295.665198237885,3364583.409090909,,552046.0,734052.0,795631.25,795631.25,0.03433188071839112,0.025384222560062578
kimberly.loaiza,kimberly.loaiza,MX,https://www.instagram.com/kimberly.loaiza,Trailers,Trailers,1145993874.724719,2668449.0,586,35190427,78,30747.96629213483,6499614.011904762,,,462549.0,1414640.3333333333,1605446.0,0.05657787999620344,0.047807968463477686
sachintendulkar,sachintendulkar,,https://www.instagram.com/sachintendulkar,,,601358330.8399999,800379.5,995,35033518,76,2110.816,1898931.0,,603372.0,531235.6666666666,531235.6666666666,635379.7142857143,0.018466674832924364,0.020298136524436173
simoneses,simoneses,BR,https://www.instagram.com/simoneses,,,1594975621.1284401,425578.3333333333,4394,34784799,72,4539.766055045871,2380157.4444444445,,,357320.5,305093.6,247953.0,0.010601303761801502,0.006588126510116341
ivetesangalo,ivetesangalo,BR,https://www.instagram.com/ivetesangalo,Shows,Shows,1440246511.1825886,234006.2142857143,7555,34714162,84,3542.183500385505,1314483.7951807228,,69941.0,43746.5,54630.0,63001.0,0.005720328573746547,0.0021890525460217677
paollaoliveirareal,paollaoliveirareal,,https://www.instagram.com/paollaoliveirareal,Music,Music,1277858735.3266532,367804.97222222225,4544,34565086,84,3025.36539746159,1111841.5342465753,51188.0,54111.166666666664,109581.0,136755.29411764705,126819.32142857143,0.008254116483249552,0.005673466875711254
lunamaya,lunamaya,,https://www.instagram.com/lunamaya,Fashion & Beauty,Fashion & Beauty,442706842.6156218,145525.50595238095,4035,34486065,83,948.4511819116136,499199.453125,,62424.0,96535.33333333333,69638.6875,58397.58064516129,0.00321261245694431,0.002490952763771491
dannapaola,dannapaola,MX,https://www.instagram.com/dannapaola,,,2006585803.645631,1458303.625,1934,34446899,68,3327.8276699029125,2127755.433333333,,,,837285.0,838019.75,0.030553007506086367,0.02894544409800411
blakelively,blakelively,US,https://www.instagram.com/blakelively,,,242187868.36363634,3222808.5,112,34420991,80,9165.636363636364,7197748.0,,,,,3370864.0,0.0682388876283921,0.07466762829256678
toni.kr8s,toni.kr8s,,https://www.instagram.com/toni.kr8s,Nonprofits & Activism,Nonprofits & Activism,418010768.2925373,597179.75,931,34281435,83,2314.913432835821,1206603.9523809524,,,1086602.0,671331.3333333334,481886.2,0.014179845135482812,0.016836516647871082
adidasoriginals,adidasoriginals,,https://www.instagram.com/adidasoriginals,,,30673902.15587045,151286.6,259,34246782,83,667.1032388663967,427704.7,176516.0,100398.0,87087.25,83506.0,79206.0,0.0034338340306642352,0.0020140179342872672
disney,disney,US,https://www.instagram.com/disney,Movies,Movies,1195770920.0560071,185166.23412698414,7196,33912535,77,1053.8107497741644,667676.1785714285,,132230.5,140913.33333333334,126242.94871794872,130599.54430379746,0.005567755568881099,0.004430310072169189
shaymitchell,shaymitchell,US,https://www.instagram.com/shaymitchell,Science & Technology,Science & Technology,3597963223.20781,754879.925,6292,33777981,83,1958.3905160390516,2085853.5961538462,,615270.0,615270.0,615270.0,612827.0,0.01707342841886024,0.013127583968320315
khabib_nurmagomedov,khabib_nurmagomedov,RU,https://www.instagram.com/khabib_nurmagomedov,Sports,Sports,2603949930.1518073,693615.5178571428,4509,33561258,63,5063.583132530121,2562603.4852941176,144171.0,144171.0,251138.33333333334,209536.83333333334,399579.3888888889,0.01738533372595551,0.012053396429305144
bmw,bmw,DE,https://www.instagram.com/bmw,Autos & Vehicles,Autos & Vehicles,1738339147.1891525,232946.5344611529,9247,33536702,79,587.0275279367675,450255.34682080924,,67768.0,79598.5,76931.96428571429,84832.546875,0.00562703894913791,0.002972520376139586
zidane,zidane,FR,https://www.instagram.com/zidane,Gaming,Gaming,302244322.6981132,1059596.0,366,33177179,41,6400.405660377359,1691814.888888889,,999103.0,999103.0,999103.0,911822.2857142857,0.025347222329974304,0.02513613794942576
nancyajram,nancyajram,FR,https://www.instagram.com/nancyajram,Music,Music,1152414466.8027213,391202.1666666667,3810,33102343,81,3792.2086167800453,1283372.6764705882,,169947.0,169947.0,132337.66666666666,146928.11111111112,0.009285818871266973,0.004341241057644463
sonamkapoor,sonamkapoor,IN,https://www.instagram.com/sonamkapoor,Entertainment,Entertainment,991545174.0929394,264547.2055555556,4799,33043019,75,868.8948126801153,757543.6603773584,,,,153794.33333333334,237832.42857142858,0.006285161616034259,0.008842762455158854
luansantana,luansantana,BR,https://www.instagram.com/luansantana,,,112134316.2475756,205587.95833333334,714,33024460,79,4795.100969766116,528762.5225806452,,211062.33333333334,129386.125,193875.85714285713,182498.66666666666,0.005050464213100537,0.005091714946480112
danbilzerian,danbilzerian,CA,https://www.instagram.com/danbilzerian,Pets & Animals,Pets & Animals,2355851098.4615383,2044189.0,1372,32938902,84,24680.813186813186,21036525.384615384,,1079742.0,1079742.0,1079742.0,1079742.0,0.05303646297334198,0.033629333148934466
nickjonas,nickjonas,US,https://www.instagram.com/nickjonas,,,1364537398.0221932,744225.6666666666,2315,32906383,78,2191.0835509138383,1089024.303030303,,65526.0,65526.0,65526.0,339617.3333333333,0.017990061195536765,0.01076552723864179
gururandhawa,gururandhawa,US,https://www.instagram.com/gururandhawa,Education,Education,1039639259.1027155,637758.25,2140,32845959,83,3837.25147579693,2267250.602040816,,218212.0,232432.66666666666,307367.14285714284,289892.625,0.015256536790509475,0.00836533129967346
iambeckyg,iambeckyg,US,https://www.instagram.com/iambeckyg,,,1033749043.1782945,625421.4761904763,2270,32812027,71,1588.4186046511627,1020375.8085106383,,232931.0,300174.0,321817.6666666667,396257.9285714286,0.014030612547564611,0.016421778081952935
